{
  "test_subject": "s1",
  "train_subjects": [
    "s2",
    "s3",
    "s4",
    "s5",
    "s6",
    "s7",
    "s8",
    "s9",
    "s10",
    "s11"
  ],
  "N_train": 44662,
  "N_test": 3040,
  "K": 38,
  "win_ms": 150,
  "overlap": 0.5,
  "strict_purity": true,
  "train_per_class": 120,
  "test_per_class": 80,
  "num_kernels": 10000,
  "std_ratio": 0.18851783871650696,
  "acc": 0.037171052631578945,
  "balanced_acc": 0.03717105263157894,
  "macro_f1": 0.03178030021091936
}