{
  "test_subject": "s3",
  "train_subjects": [
    "s1",
    "s2",
    "s4",
    "s5",
    "s6",
    "s7",
    "s8",
    "s9",
    "s10",
    "s11"
  ],
  "N_train": 56640,
  "N_test": 3862,
  "K": 49,
  "win_ms": 150,
  "overlap": 0.5,
  "strict_purity": true,
  "train_per_class": 120,
  "test_per_class": 80,
  "num_kernels": 10000,
  "std_ratio": 10.846578598022461,
  "acc": 0.01967892283790782,
  "balanced_acc": 0.019387755102040816,
  "macro_f1": 0.0029823359381820473
}