{
  "test_subject": "s5",
  "train_subjects": [
    "s1",
    "s2",
    "s3",
    "s4",
    "s6",
    "s7",
    "s8",
    "s9",
    "s10",
    "s11"
  ],
  "N_train": 56542,
  "N_test": 3920,
  "K": 49,
  "win_ms": 150,
  "overlap": 0.5,
  "strict_purity": true,
  "train_per_class": 120,
  "test_per_class": 80,
  "num_kernels": 10000,
  "std_ratio": 0.27215635776519775,
  "acc": 0.02857142857142857,
  "balanced_acc": 0.02857142857142857,
  "macro_f1": 0.018160062763503508
}